flair_block,reported_topic_rank,topic_id,label,title,permalink
Diskussion - EN,1,1,next / reason,Are there any plans to include the Necker in Stuttgart?,https://reddit.com/r/stuttgart/comments/1g4wsx1/are_there_any_plans_to_include_the_necker_in/
Diskussion - EN,1,1,next / reason,Is it ok to be a bus driver's hostage?,https://reddit.com/r/stuttgart/comments/1iiwnk0/is_it_ok_to_be_a_bus_drivers_hostage/
Diskussion - EN,1,1,next / reason,Book Bans On American Bases,https://reddit.com/r/stuttgart/comments/1ij6xjg/book_bans_on_american_bases/
Diskussion - EN,2,4,talk / without,The mayor of Stuttgart,https://reddit.com/r/stuttgart/comments/1gawl1h/the_mayor_of_stuttgart/
Diskussion - EN,2,4,talk / without,Why is HBF a mess? ,https://reddit.com/r/stuttgart/comments/1hz66wy/why_is_hbf_a_mess/
Diskussion - EN,2,4,talk / without,Districts of Stuttgart,https://reddit.com/r/stuttgart/comments/1idhxzu/districts_of_stuttgart/
Diskussion - EN,3,2,places / kind,Is it me or is it me?,https://reddit.com/r/stuttgart/comments/1ghv6um/is_it_me_or_is_it_me/
Diskussion - EN,3,2,places / kind,Waste at the Hasenspielplatz,https://reddit.com/r/stuttgart/comments/1gci0uy/waste_at_the_hasenspielplatz/
Diskussion - EN,4,3,car / old,Male experience in Stuttgart,https://reddit.com/r/stuttgart/comments/1kp2zcy/male_experience_in_stuttgart/
Diskussion - EN,4,3,car / old,Jordanian Air Force loading a classic car at the airport.,https://reddit.com/r/stuttgart/comments/1lu3ptf/jordanian_air_force_loading_a_classic_car_at_the/
Diskussion - EN,5,9,high / free,Went to a bar last night and had water thrown at,https://reddit.com/r/stuttgart/comments/1nmxfcx/went_to_a_bar_last_night_and_had_water_thrown_at/
